{"type":"Topology","objects":{"grid":{"type":null}},"arcs":[],"transform":{"scale":[0.0360036103610361,0.018001800180018002],"translate":[-180,-90]}}